"gene","logFC","adj.P.Val","pass"
"STAT1",0.504934354497884,1.01133350993478e-05,FALSE
"TAP1",0.176798646689574,0.16278978952424,FALSE
"IRF1",-0.545483804912368,1.47345921178886e-06,FALSE
"PSMB9",0.0350050964626915,0.828850773749759,FALSE
"TAP2",0.170791347011898,0.0188991998949077,FALSE
"HLA-C",-0.167973548763182,0.000879432219980678,FALSE
"TAPBP",0.0921051249458056,0.275117887452548,FALSE
"PSMB8",0.248530815112346,0.0143453657895156,FALSE
"HLA-B",-0.150926060908101,0.0351833414044606,FALSE
"HLA-A",-0.0709856246246801,0.302455582922284,FALSE
"B2M",-0.200658404865714,0.0001149253393295,FALSE
