,patient,tissue
GSM254625,GT00006,Lung Tumor
GSM254626,GT00006,Normal Lung
GSM254627,GT00007,Lung Tumor
GSM254628,GT00007,Normal Lung
GSM254629,GT00022,Lung Tumor
GSM254630,GT00042,Lung Tumor
GSM254631,GT00059,Lung Tumor
GSM254632,GT00059,Normal Lung
GSM254633,GT00146,Lung Tumor
GSM254634,GT00146,Normal Lung
GSM254635,GT01001,Normal Lung
GSM254636,GT01001,Lung Tumor
GSM254637,GT01003,Lung Tumor
GSM254638,GT01003,Normal Lung
GSM254639,GT01011,Lung Tumor
GSM254640,GT01011,Normal Lung
GSM254641,GT01017,Lung Tumor
GSM254642,GT01019,Lung Tumor
GSM254643,GT01024,Normal Lung
GSM254644,GT01025,Normal Lung
GSM254645,GT01025,Lung Tumor
GSM254646,GT01033,Normal Lung
GSM254647,GT01034,Lung Tumor
GSM254648,GT01036,Lung Tumor
GSM254649,GT01036,Normal Lung
GSM254650,GT01038,Lung Tumor
GSM254651,GT01038,Normal Lung
GSM254652,GT01040,Lung Tumor
GSM254653,GT01047,Normal Lung
GSM254654,GT01049,Lung Tumor
GSM254655,GT01051,Normal Lung
GSM254656,GT01052,Lung Tumor
GSM254657,GT01054,Lung Tumor
GSM254658,GT01061,Normal Lung
GSM254659,GT01061,Lung Tumor
GSM254660,GT01064,Normal Lung
GSM254661,GT01077,Lung Tumor
GSM254662,GT01085,Normal Lung
GSM254663,GT01087,Lung Tumor
GSM254664,GT01089,Lung Tumor
GSM254665,GT01095,Normal Lung
GSM254666,GT01097,Lung Tumor
GSM254667,GT01097,Normal Lung
GSM254668,GT01099,Lung Tumor
GSM254669,GT01099,Normal Lung
GSM254670,GT01100,Lung Tumor
GSM254671,GT01100,Normal Lung
GSM254672,GT01103,Lung Tumor
GSM254673,GT01105,Normal Lung
GSM254674,GT01105,Lung Tumor
GSM254675,GT01107,Lung Tumor
GSM254676,GT01107,Normal Lung
GSM254677,GT01113,Normal Lung
GSM254678,GT01117,Lung Tumor
GSM254679,GT01117,Normal Lung
GSM254680,GT01119,Lung Tumor
GSM254681,GT01119,Normal Lung
GSM254682,GT01120,Lung Tumor
GSM254683,GT01120,Normal Lung
GSM254684,GT01121,Lung Tumor
GSM254685,GT01121,Normal Lung
GSM254686,GT01124,Lung Tumor
GSM254687,GT01126,Lung Tumor
GSM254688,GT01127,Lung Tumor
GSM254689,GT01128,Normal Lung
GSM254690,GT01128,Lung Tumor
GSM254691,GT01129,Normal Lung
GSM254692,GT01129,Lung Tumor
GSM254693,GT01130,Normal Lung
GSM254694,GT01130,Lung Tumor
GSM254695,GT01131,Normal Lung
GSM254696,GT01135,Lung Tumor
GSM254697,GT01148,Lung Tumor
GSM254698,GT01151,Lung Tumor
GSM254699,GT01156,Normal Lung
GSM254700,GT01175,Lung Tumor
GSM254701,GT01182,Lung Tumor
GSM254702,GT01182,Normal Lung
GSM254703,GT01194,Normal Lung
GSM254704,GT01194,Lung Tumor
GSM254705,GT01222,Lung Tumor
GSM254706,GT01222,Normal Lung
GSM254707,GT01232,Lung Tumor
GSM254708,GT01232,Normal Lung
GSM254709,GT01233,Lung Tumor
GSM254710,GT01233,Normal Lung
GSM254711,GT01237,Normal Lung
GSM254712,GT01239,Normal Lung
GSM254713,GT01240,Normal Lung
GSM254714,GT01243,Lung Tumor
GSM254715,GT01243,Normal Lung
GSM254716,GT01246,Lung Tumor
GSM254717,GT01246,Normal Lung
GSM254718,GT01247,Lung Tumor
GSM254719,GT01247,Normal Lung
GSM254720,GT01274,Lung Tumor
GSM254721,GT01276,Lung Tumor
GSM254722,GT01279,Lung Tumor
GSM254723,GT01283,Normal Lung
GSM254724,GT01411,Lung Tumor
GSM254725,GT01417,Normal Lung
GSM254726,GT01421,Lung Tumor
GSM254727,GT01421,Normal Lung
GSM254728,GT01425,Lung Tumor
GSM254729,GT01445,Lung Tumor
GSM254730,GT01445,Normal Lung
GSM254731,GT01479,Normal Lung
